char,window,conv_lo,conv_hi,Ea_kJ_per_mol,A_1_per_min,m_o2,r2,n_runs,runs
PW,CR__mid-late_0p25_0p55,0.25,0.55,120.67338463906688,134589624.73339686,0.6845678678348203,0.9985024408958837,3,"5%,10%,20%"
PW,CR_early_0p00_0p06,0.0,0.06,0.0,0.0,0.5390763183539894,0.11573316838786563,3,"5%,10%,20%"
PW,CR_late-stage_0p55_0p90,0.55,0.9,202.1218002307523,526174373585205.4,1.228172706300838,0.99824786552026,3,"5%,10%,20%"
PW,CR_mid_0p05_0p20,0.05,0.2,114.97332856308758,39416437.10894947,0.5856759468242099,0.9938469006322098,3,"5%,10%,20%"
PW,CR_oxygen-fit-check_0p10-0p60,0.1,0.6,115.30331383514878,47313080.00688402,0.6393164408922781,0.996183353820827,3,"5%,10%,20%"
PW,CR_std_0p10_0p80,0.1,0.8,122.05749647353107,181429153.16026363,0.6869054619585758,0.9935349329010708,3,"5%,10%,20%"
