char,window,conv_lo,conv_hi,Ea_kJ_per_mol,A_1_per_min,m_o2,r2,n_runs,runs
PW,CR_early_0p00_0p06,0.0,0.06,0.0,0.0,0.5390763183539894,0.11573316838786563,3,"5%,10%,20%"
PW,CR_mid_0p05_0p20,0.05,0.2,114.97332856308758,39416437.10894947,0.5856759468242099,0.9938469006322098,3,"5%,10%,20%"
PW,CR_std_0p10_0p80,0.1,0.8,122.05749647353107,181429153.16026363,0.6869054619585758,0.9935349329010708,3,"5%,10%,20%"
