char,window,Ea_kJ_per_mol,m_o2,r2,median_abs_error_%,median_abs_error_225_%,median_abs_error_250_%
PW,CR_mid_0p05_0p20,114.97332856308758,0.5856759468242099,0.9938469006322098,64.48843501011257,62.71884564100294,128.94202016954566
PW,CR_std_0p10_0p80,122.05749647353107,0.6869054619585758,0.9935349329010708,72.38775729928969,40.406572665175325,75.66732944546182
PW,CR_early_0p00_0p06,0.0,0.5390763183539894,0.11573316838786563,100.0,100.0,100.0
