char,window,Ea_kJ_per_mol,m_o2,r2,median_abs_error_%,median_abs_error_225_%,median_abs_error_250_%
WS,CR_mid_0p05_0p20,105.51715870957283,0.3274418964899824,0.9953828563123648,48.78503366226212,47.60394185100497,144.84997875206324
WS,CR_std_0p10_0p80,120.53920586659589,0.4924625601034259,0.9951973708130456,59.33608312004692,69.24660811603596,42.38148262593737
WS,CR_early_0p00_0p06,17.05089025024757,-0.7660790998093431,0.7301194211847151,135.46780669402526,112.89841746620573,325.34575148033815
