char,window,Ea_kJ_per_mol,m_o2,r2,median_abs_error_%,median_abs_error_225_%,median_abs_error_250_%
WS,CR_mid_0p05_0p20,105.51715870957283,0.3274418964899824,0.9953828563123648,48.78503366226212,47.60394185100497,144.84997875206324
WS,CR_std_0p10_0p80,120.53920586659589,0.4924625601034259,0.9951973708130456,59.33608312004692,69.24660811603596,42.38148262593737
WS,CR_oxygen-fit-check_0p10-0p60,122.42429670965876,0.4924345183165695,0.9959471933752294,62.77790896597313,71.84996277937633,33.199536153769046
WS,CR__mid-late_0p25_0p55,130.3784419835838,0.5524935516483145,0.9951650295703927,74.79852269736327,80.44503845609134,29.044836248199914
WS,CR_late-stage_0p55_0p90,99.07275827444116,0.40422967873400895,0.9914239401880618,108.48863973702319,8.21254750969599,298.19248744912494
WS,CR_early_0p00_0p06,17.05089025024757,-0.7660790998093431,0.7301194211847151,135.46780669402526,112.89841746620573,325.34575148033815
