{
  "A_1_per_min": 0.0,
  "Ea_kJ_per_mol": 0.0,
  "beta_K_per_min": 3.0,
  "char": "PW",
  "conversion_range": [
    0.0,
    0.06
  ],
  "m_o2": 0.5390763183539894,
  "r2": 0.11573316838786563,
  "ramp_runs": [
    "5%",
    "10%",
    "20%"
  ],
  "time_window": [
    32.0,
    195.0
  ],
  "window": "CR_early_0p00_0p06"
}