{
  "A_1_per_min": 39416437.10894947,
  "Ea_kJ_per_mol": 114.97332856308758,
  "beta_K_per_min": 3.0,
  "char": "PW",
  "conversion_range": [
    0.05,
    0.2
  ],
  "m_o2": 0.5856759468242099,
  "r2": 0.9938469006322098,
  "ramp_runs": [
    "5%",
    "10%",
    "20%"
  ],
  "time_window": [
    32.0,
    195.0
  ],
  "window": "CR_mid_0p05_0p20"
}