{
  "A_1_per_min": 181429153.16026363,
  "Ea_kJ_per_mol": 122.05749647353107,
  "beta_K_per_min": 3.0,
  "char": "PW",
  "conversion_range": [
    0.1,
    0.8
  ],
  "m_o2": 0.6869054619585758,
  "r2": 0.9935349329010708,
  "ramp_runs": [
    "5%",
    "10%",
    "20%"
  ],
  "time_window": [
    32.0,
    195.0
  ],
  "window": "CR_std_0p10_0p80"
}