{
  "A_1_per_min": 0.0018308786013484651,
  "Ea_kJ_per_mol": 17.05089025024757,
  "beta_K_per_min": 3.0,
  "char": "WS",
  "conversion_range": [
    0.0,
    0.06
  ],
  "m_o2": -0.7660790998093431,
  "r2": 0.7301194211847151,
  "ramp_runs": [
    "5%",
    "10%",
    "20%"
  ],
  "time_window": [
    32.0,
    195.0
  ],
  "window": "CR_early_0p00_0p06"
}