{
  "A_1_per_min": 18580107.749480277,
  "Ea_kJ_per_mol": 105.51715870957283,
  "beta_K_per_min": 3.0,
  "char": "WS",
  "conversion_range": [
    0.05,
    0.2
  ],
  "m_o2": 0.3274418964899824,
  "r2": 0.9953828563123648,
  "ramp_runs": [
    "5%",
    "10%",
    "20%"
  ],
  "time_window": [
    32.0,
    195.0
  ],
  "window": "CR_mid_0p05_0p20"
}