{
  "A_1_per_min": 559953590.8229754,
  "Ea_kJ_per_mol": 120.53920586659589,
  "beta_K_per_min": 3.0,
  "char": "WS",
  "conversion_range": [
    0.1,
    0.8
  ],
  "m_o2": 0.4924625601034259,
  "r2": 0.9951973708130456,
  "ramp_runs": [
    "5%",
    "10%",
    "20%"
  ],
  "time_window": [
    32.0,
    195.0
  ],
  "window": "CR_std_0p10_0p80"
}