{
  "A_1_per_min": 0.0002563267681467627,
  "Ea_kJ_per_mol": 0.0,
  "char": "WS",
  "n_o2": 0.5316443512442898,
  "r2": 0.2738665151338532
}