T_C,yO2,k_iso_1_per_min,k_CR_pred_1_per_min,CR/ISO_ratio,percent_error_%,iso_r2,iso_n_points,time_window,regime,common_hi_used,src
225.0,0.05,0.00015992060008921711,0.00017195434379002584,1.0752482400272092,7.52482400272092,0.9678215785917746,380,"(102.0, 326.3)",isothermal_225,0.029832175493425234,TG TEST 9 - ISOTHERMAL 225C 5% O2/ExpDat_BRF500.xlsx
225.0,0.1,0.0001383847940276762,0.0002518170335536003,1.8196871652187327,81.96871652187328,0.9966447668967068,418,"(98.0, 326.3)",isothermal_225,0.029832175493425234,TG TEST 10 - ISOTHERMAL 225C 10% O2/ExpDat_BRF500.xlsx
225.0,0.2,0.0006163378672845217,0.0003686717677766197,0.5981650444437625,-40.18349555562375,0.9950101175937817,101,"(92.5, 326.3)",isothermal_225,0.029832175493425234,TG TEST 4 - ISOTHERMAL 225C 20% O2/ExpDat_BRF.xlsx
250.0,0.05,0.0003160696264750645,0.0005522816104426036,1.7473416114097078,74.73416114097078,0.9985897834723647,374,"(99.0, 331.3)",isothermal_250,0.056984800533352496,TG TEST 12 - ISOTHERMAL 250C 5% O2/ExpDat_BRF500.xlsx
250.0,0.1,0.0003302262664101779,0.000808765969931758,2.4491267115838093,144.91267115838093,0.9976819989513215,377,"(98.5, 331.3)",isothermal_250,0.056984800533352496,TG TEST 11 - ISOTHERMAL 250C 10% o2/ExpDat_BRF500.xlsx
250.0,0.2,0.0010266947743150367,0.001183881739435216,1.1530999952980645,15.30999952980645,0.9996384327084803,118,"(94.0, 689.8)",isothermal_250,0.056984800533352496,TG TEST 3 - ISOTHERMAL 250C 20% O2/ExpDat_BRF 500.xlsx
