char,window,Ea_kJ_per_mol,m_o2,r2,median_abs_error_%,median_abs_error_225_%,median_abs_error_250_%
BRF,CR_std_0p10_0p80,101.13958562334615,0.5503870696900801,0.9769829488264266,57.45882834829727,40.18349555562375,74.73416114097078
BRF,CR_mid_0p05_0p20,76.74737126113612,0.3761624760850916,0.9882924896651103,161.56082501697404,134.95623133531728,188.16541869863076
BRF,CR_early_0p00_0p06,22.643221979317747,-0.2590374404525992,0.8026281361808185,163.3175702512907,330.076039040502,134.0296667791532
