char,window,Ea_kJ_per_mol,m_o2,r2,median_abs_error_%,median_abs_error_225_%,median_abs_error_250_%
BRF,CR_oxygen-fit-check_0p10-0p60,111.73173853305254,0.592196556733779,0.9907728737315664,29.412378414075157,29.659320494965293,29.165436333185024
BRF,CR__mid-late_0p25_0p55,123.5857574781646,0.658696870727067,0.9813526457389392,31.891493238966227,59.288964638050345,29.50255551549652
BRF,CR_std_0p10_0p80,101.13958562334615,0.5503870696900801,0.9769829488264266,57.45882834829727,40.18349555562375,74.73416114097078
BRF,CR_mid_0p05_0p20,76.74737126113612,0.3761624760850916,0.9882924896651103,161.56082501697404,134.95623133531728,188.16541869863076
BRF,CR_early_0p00_0p06,22.643221979317747,-0.2590374404525992,0.8026281361808185,163.3175702512907,330.076039040502,134.0296667791532
BRF,CR_late-stage_0p55_0p90,13.0022108616165,0.11089199270167904,0.9977412583821932,2212.534317568689,3768.8878823654436,2174.3315044608494
