char,regime,T_C,yO2,o2_label,src,time_window,status,k_iso_1_per_min,iso_r2,n_points,T_mean_K,err
BRF,isothermal_225,225.0,0.05,5%,TG TEST 9 - ISOTHERMAL 225C 5% O2/ExpDat_BRF500.xlsx,"(102.0, 326.3)",OK,0.00018046077938395862,0.9626234257736683,447,498.15590492170026,
BRF,isothermal_225,225.0,0.1,10%,TG TEST 10 - ISOTHERMAL 225C 10% O2/ExpDat_BRF500.xlsx,"(98.0, 326.3)",OK,0.00014005585041154672,0.9967432556325989,455,498.15546224175824,
BRF,isothermal_225,225.0,0.2,20%,TG TEST 4 - ISOTHERMAL 225C 20% O2/ExpDat_BRF.xlsx,"(92.5, 326.3)",OK,0.0005301843504296382,0.9867200484467642,466,498.1542224248926,
BRF,isothermal_250,250.0,0.05,5%,TG TEST 12 - ISOTHERMAL 250C 5% O2/ExpDat_BRF500.xlsx,"(99.0, 331.3)",OK,0.0003160718268640865,0.9991124730926735,463,523.1545118790497,
BRF,isothermal_250,250.0,0.1,10%,TG TEST 11 - ISOTHERMAL 250C 10% o2/ExpDat_BRF500.xlsx,"(98.5, 331.3)",OK,0.0003063825393856786,0.989956777559938,464,523.1535450215516,
BRF,isothermal_250,250.0,0.2,20%,TG TEST 3 - ISOTHERMAL 250C 20% O2/ExpDat_BRF 500.xlsx,"(94.0, 689.8)",OK,0.0006804603689644278,0.9867829301728932,1190,523.1539686722689,
