{
  "A_1_per_min": 0.07759436316441312,
  "Ea_kJ_per_mol": 22.643221979317747,
  "beta_K_per_min": 3.0,
  "char": "BRF",
  "conversion_range": [
    0.0,
    0.06
  ],
  "m_o2": -0.2590374404525992,
  "r2": 0.8026281361808185,
  "ramp_runs": [
    "5%",
    "10%",
    "20%"
  ],
  "time_window": [
    32.0,
    195.0
  ],
  "window": "CR_early_0p00_0p06"
}