{
  "A_1_per_min": 129287.31808276099,
  "Ea_kJ_per_mol": 76.74737126113612,
  "beta_K_per_min": 3.0,
  "char": "BRF",
  "conversion_range": [
    0.05,
    0.2
  ],
  "m_o2": 0.3761624760850916,
  "r2": 0.9882924896651103,
  "ramp_runs": [
    "5%",
    "10%",
    "20%"
  ],
  "time_window": [
    32.0,
    195.0
  ],
  "window": "CR_mid_0p05_0p20"
}