{
  "A_1_per_min": 36005547.44295172,
  "Ea_kJ_per_mol": 101.13958562334615,
  "beta_K_per_min": 3.0,
  "char": "BRF",
  "conversion_range": [
    0.1,
    0.8
  ],
  "m_o2": 0.5503870696900801,
  "r2": 0.9769829488264266,
  "ramp_runs": [
    "5%",
    "10%",
    "20%"
  ],
  "time_window": [
    32.0,
    195.0
  ],
  "window": "CR_std_0p10_0p80"
}