{
  "A_1_per_min": 73.5107502883075,
  "Ea_kJ_per_mol": 46.019769904270085,
  "char": "BRF",
  "n_o2": 0.6652843614468797,
  "r2": 0.6955953928295135
}